id,name,type,target_model,defense_name,defense_type,clean_acc,attacked_acc,defended_acc,recovery_rate,asr,l2_pert,linf_pert
1,FGSM Untargeted,Evasion (Decision-Time),Deep_CNN,Spatial Smoothing & Bit-Depth Quantization,Input Preprocessing,0.836,0.228,0.27,6.907894736842107,0.7272727272727273,3.5153987407684326,0.15000006556510925
2,Targeted FGSM,Evasion (Decision-Time),Deep_CNN,Confidence Thresholding & Rejection,Selective Classification,0.836,0.288,0.3356164383561644,8.689131086891317,0.6818181818181818,4.684638977050781,0.20000003278255463
3,PGD Multi-Step (L-inf),Evasion (Decision-Time),Logistic_Regression,Adversarial Training (Madry Min-Max),Robust Optimization,0.834,0.598,0.754,66.10169491525426,0.2853717026378897,2.829819917678833,0.15000006556510925
4,Basic Iterative Method (BIM),Evasion (Decision-Time),Logistic_Regression,Feature Squeezing & Median Filter Denoising,Spatial Denoising,0.834,0.672,0.66,0.0,0.19664268585131894,1.7107831239700317,0.10000002384185791
5,Zeroth-Order Random Uniform Perturbation,Evasion (Decision-Time),Random_Forest,Randomized Smoothing & Variance Ensemble,Stochastic Certification,0.84,0.692,0.544,0.0,0.2357142857142857,3.3216683864593506,0.24947772920131683
6,Decision Boundary Hop Attack,Evasion (Decision-Time),SVM_RBF,K-Means Centroid Distance Outlier Rejection,Clustering Anomaly Detection,0.818,0.818,0.818,100.0,0.0,0.20238107442855835,0.0250230822712183
7,Salient Feature Manipulation Attack,Evasion (Decision-Time),Random_Forest,PCA Subspace Projection & Reconstruction,Manifold Defense,0.84,0.634,0.75,56.31067961165049,0.2523809523809524,3.274667739868164,0.9010352492332458
8,Sparse L0 Few-Pixel Attack,Evasion (Decision-Time),KNN,Morphological Spatial Filtering (Opening/Closing),Spatial Morphological Filter,0.768,0.776,0.742,100.0,0.015625,1.441498041152954,0.7399450540542603
9,Carlini-Wagner (CW) L2-Style Attack,Evasion (Decision-Time),Deep_CNN,Autoencoder / Ridge Manifold Reconstruction,Generative/Ridge Denoising,0.836,0.564,0.698,49.264705882352935,0.38995215311004783,0.9031405448913574,0.1308101862668991
10,Black-Box Surrogate Transfer Attack,Evasion (Decision-Time),KNN,DBSCAN Density-Based Noise Filtering,Density Outlier Detection,0.768,0.722,0.732,21.73913043478261,0.07291666666666667,3.2724175453186035,0.18000006675720215
11,Uniform Random Label-Flipping,Data Poisoning,Logistic_Regression,k-NN Label Sanitization & Consistency Filter,Training Data Sanitization,0.834,0.788,0.798,21.73913043478266,0.04599999999999993,0.0,0.0
12,Systematic Source-to-Target Label-Flipping,Data Poisoning (Targeted),Random_Forest,Cross-Validated Outlier Residual Trimming,Loss-Based Filtering,0.84,0.83,0.82,0.0,0.010000000000000009,0.0,0.0
13,Support Vector Boundary Poisoning,Data Poisoning (Margin),SVM_RBF,Margin Distance Trimming for Support Vectors,Geometry-Based Filtering,0.818,0.808,0.788,0.0,0.009999999999999898,0.15,0.25
14,High-Variance Feature Noise Poisoning,Data Poisoning (Feature),KNN,Robust Covariance / Elliptic Envelope Scrubbing,Statistical Feature Scrubbing,0.768,0.764,0.764,0.0,0.0040000000000000036,0.35,0.8
15,Class-Starvation & Subsampling Poisoning,Data Poisoning (Imbalance),Logistic_Regression,SMOTE Resampling & Cost-Sensitive Weighting,Class Imbalance Correction,0.834,0.804,0.82,53.333333333333165,0.029999999999999916,0.0,0.0
16,Deep Backdoor / Trojan Trigger Poisoning,Data Poisoning (Backdoor),Deep_CNN,Activation Clustering & Spectral Signatures,Deep Latent Anomaly Detection,0.836,0.433048,0.824,97.02197780380789,0.964,0.08,1.0
17,Clean-Label Feature Collision Poisoning,Data Poisoning (Clean-Label),SVM_RBF,Deep Latent Centroid Nearest-Neighbor Verification,Representation Cleansing,0.818,0.818,0.818,100.0,0.0,0.22,0.4
18,Bilevel Gradient-Matching Poisoning Approximation,Data Poisoning (Bilevel),Logistic_Regression,Influence Function & Gradient Norm Pruning,Sample Influence Defense,0.834,0.836,0.832,100.0,-0.0020000000000000018,0.2,0.2
19,High-Leverage Outlier Injection (Neighborhood Poisoning),Data Poisoning (Instance),KNN,Local Outlier Factor (LOF) Neighborhood Filtering,Local Density Filtering,0.768,0.762,0.762,0.0,0.006000000000000005,0.5,0.95
20,Catastrophic Multi-Class Poisoning (25% Rate),Data Poisoning (High-Density),Random_Forest,Consensus Trimmed Loss Ensemble Retraining,Ensemble Hard Trimmed Loss,0.84,0.8,0.79,0.0,0.039999999999999925,0.2,0.5
